<?xml version="1.0" encoding="UTF-8"?><?xml-stylesheet type='text/xsl' href='_UpgradeReport_Files/UpgradeReport.xslt'?><UpgradeLog>
<Properties><Property Name="Solution" Value="SimpleStyles">
</Property><Property Name="Solution File" Value="D:\Code\Pro WPF\Chapter15\SimpleStyles\SimpleStyles.sln">
</Property><Property Name="Date" Value="Thursday, April 12, 2007">
</Property><Property Name="Time" Value="9:39:33 AM">
</Property></Properties><Event ErrorLevel="0" Project="SimpleStyles" Source="SimpleStyles.csproj" Description="Project file successfully backed up as D:\Code\Pro WPF\Chapter15\SimpleStyles\Backup\SimpleStyles.csproj">
</Event><Event ErrorLevel="0" Project="SimpleStyles" Source="Page1.xaml.cs" Description="File successfully backed up as D:\Code\Pro WPF\Chapter15\SimpleStyles\Backup\Page1.xaml.cs">
</Event><Event ErrorLevel="0" Project="SimpleStyles" Source="Page2.xaml.cs" Description="File successfully backed up as D:\Code\Pro WPF\Chapter15\SimpleStyles\Backup\Page2.xaml.cs">
</Event><Event ErrorLevel="0" Project="SimpleStyles" Source="TestNavigationWindow.xaml.cs" Description="File successfully backed up as D:\Code\Pro WPF\Chapter15\SimpleStyles\Backup\TestNavigationWindow.xaml.cs">
</Event><Event ErrorLevel="0" Project="SimpleStyles" Source="TestWindow.xaml.cs" Description="File successfully backed up as D:\Code\Pro WPF\Chapter15\SimpleStyles\Backup\TestWindow.xaml.cs">
</Event><Event ErrorLevel="0" Project="SimpleStyles" Source="Window1.xaml.cs" Description="File successfully backed up as D:\Code\Pro WPF\Chapter15\SimpleStyles\Backup\Window1.xaml.cs">
</Event><Event ErrorLevel="0" Project="SimpleStyles" Source="SimpleStyles.csproj" Description="Project converted successfully">
</Event><Event ErrorLevel="3" Project="SimpleStyles" Source="SimpleStyles.csproj" Description="Converted">
</Event><Event ErrorLevel="0" Project="SimpleStyles" Source="SimpleStyles.csproj" Description="Scan complete: Upgrade not required for project files.">
</Event></UpgradeLog>